desc_ent,tot_integ,ocupados,ing_cor,jubilacion,becas,bene_gob,gasto_mon,est_socio,clase_hog,sexo_jefe,educa_jefe,pib_millones,escolaridad_promedio
Aguascalientes,3.695766204571001,1.7122517796927688,73161.57680029974,5226.21060322218,122.04405395279132,1653.3805957287373,43144.35333458224,Medio bajo,Nuclear,Hombre,Secundaria completa,314592.145,13.3
Baja California,3.2610480560251145,1.528374788698382,80340.93580536103,5136.2700700313935,62.34372373822748,1130.1108355469692,45482.24418497947,Medio bajo,Nuclear,Hombre,Secundaria completa,919233.204,13.6
Baja California Sur,3.0407060518731988,1.595100864553314,87776.71182997117,7133.602907060519,223.24782780979825,1422.9851476945246,45870.23332853026,Medio bajo,Nuclear,Hombre,Secundaria completa,178120.33,13.2
Campeche,3.470508166969147,1.7463702359346642,57920.87255444646,4753.4496324863885,45.86603448275862,2121.7372096188747,35911.76363430127,Medio bajo,Nuclear,Hombre,Secundaria completa,472660.178,13.3
Chiapas,3.891098484848485,1.8887310606060608,40764.96528882576,2899.9170785984847,54.32481534090909,2408.5305113636364,26449.56696496212,Bajo,Nuclear,Hombre,Primaria incompleta,374504.635,12.1
Chihuahua,3.155872667398463,1.4406147091108672,73980.6326586169,5172.929468715697,79.76337211855105,1612.2720439077937,35494.00346212953,Medio bajo,Nuclear,Hombre,Secundaria completa,911306.318,13.4
Ciudad de México,3.247969052224372,1.579110251450677,77909.2524139265,7264.677655705996,585.2966460348163,2011.9228549323016,51205.10856092844,Medio bajo,Nuclear,Hombre,Secundaria completa,3650609.372,17.7
Coahuila de Zaragoza,3.401939393939394,1.5233939393939393,69760.73778181818,6306.452184242425,89.58468848484848,1490.2312048484848,40915.51522181818,Medio bajo,Nuclear,Hombre,Secundaria completa,935812.824,13.4
Colima,3.138238205212801,1.5941933355328275,63840.80078851864,6276.697258330584,98.39496865720884,1879.2460178159024,39238.67766413725,Medio bajo,Nuclear,Hombre,Secundaria completa,148449.257,13.3
Durango,3.6291927755252487,1.6092886103943973,53608.34027276078,4594.261444894951,71.52829708809436,2072.819030593439,33307.404316255066,Medio bajo,Nuclear,Hombre,Secundaria completa,300468.953,13.1
Guanajuato,3.722691807542263,1.6940832249674902,55513.68992847855,3028.903511053316,41.88408972691808,1535.374678153446,33622.62118335501,Medio bajo,Nuclear,Hombre,Secundaria completa,1110972.693,13.0
Guerrero,3.526004728132388,1.7462568951930657,40568.35884554768,2696.3104097714736,16.859802994483847,2511.15158392435,29766.58620567376,Bajo,Nuclear,Hombre,Primaria incompleta,310093.176,12.6
Hidalgo,3.497892271662764,1.844496487119438,52075.45657611242,3263.033185011709,86.04202341920374,2025.6668524590168,33322.78409367682,Medio bajo,Nuclear,Hombre,Secundaria completa,431394.817,13.8
Jalisco,3.5165714285714285,1.6872380952380952,68482.60318095238,5334.234102857143,93.85586666666669,1693.7211923809523,42406.90165333333,Medio bajo,Nuclear,Hombre,Secundaria completa,1797607.731,13.6
Michoacán de Ocampo,3.4410835214446958,1.69255079006772,56305.68778329571,3439.638505643341,120.00138600451469,1934.4466952595933,39563.16553498872,Medio bajo,Nuclear,Hombre,Secundaria completa,652212.814,12.6
Morelos,3.3169443315725315,1.653799268590004,55489.63082486794,5355.131621292157,148.206383583909,1889.327545713125,37027.56622511175,Medio bajo,Nuclear,Hombre,Secundaria completa,260102.03,13.5
México,3.6333994896512616,1.7269634250070882,51906.31311596258,3335.565837822512,54.506325489084205,1671.5334902183158,35418.71,Medio bajo,Nuclear,Hombre,Secundaria completa,2218442.304,13.3
Nayarit,3.244131455399061,1.5990610328638497,66293.86336150236,6356.204225352113,121.69466666666668,1816.686408450704,39450.91192018779,Medio bajo,Nuclear,Hombre,Secundaria completa,162583.92,13.1
Nuevo León,3.3269656699889256,1.648671096345515,70860.64524640089,5733.78369324474,112.1414119601329,1778.6655509413067,40356.92686877076,Medio bajo,Nuclear,Hombre,Secundaria completa,1928648.573,13.5
Oaxaca,3.4973282442748093,1.862595419847328,41136.28327480916,2851.930064885496,13.663744274809162,2691.814278625954,25538.447080152677,Bajo,Nuclear,Hombre,Secundaria completa,415530.954,11.9
Puebla,3.740229885057471,1.8891954022988504,46926.68477241379,2373.629388505747,50.94274022988506,1791.063783908046,32416.14602758621,Medio bajo,Nuclear,Hombre,Secundaria completa,825850.47,13.7
Querétaro,3.534275248560963,1.7336473050758765,68109.37519361591,3917.8554552590263,178.10651491365778,1577.0156488749344,43832.65867870225,Medio bajo,Nuclear,Hombre,Secundaria completa,589217.592,13.7
Quintana Roo,3.2969396195202645,1.7539288668320927,67529.32130686517,3495.4578949545075,54.228478081058725,1430.7213647642682,43831.55700578991,Medio bajo,Nuclear,Hombre,Secundaria completa,356638.784,12.7
San Luis Potosí,3.604182509505704,1.6539923954372624,54751.66481749049,4490.639650190114,142.7958174904943,2055.0817490494296,35407.122129277566,Bajo,Nuclear,Hombre,Secundaria completa,532770.612,13.1
Sinaloa,3.4228226501868355,1.5895372233400402,73983.51984478298,7283.035073296925,109.62772348375972,2096.9002328255247,43896.907568266746,Medio bajo,Nuclear,Hombre,Secundaria completa,516396.663,14.4
Sonora,3.260989010989011,1.5808477237048666,70544.9252433281,6073.604379905809,146.99350470957614,1802.9081868131864,39271.86010989011,Medio bajo,Nuclear,Hombre,Secundaria completa,790057.513,13.6
Tabasco,3.461005999077065,1.7964928472542685,52634.36338255653,3673.077600369174,103.67989386248269,1838.4479926165204,32240.87849561606,Medio bajo,Nuclear,Hombre,Secundaria completa,637705.237,14.2
Tamaulipas,3.233419465977605,1.4888027562446169,60026.75362187769,5463.214354005168,72.14392764857881,1669.5621145564169,37191.66924633936,Medio bajo,Nuclear,Hombre,Secundaria completa,748690.033,13.7
Tlaxcala,3.781100996965757,1.8066753359341137,46319.45120502818,2628.92044213264,40.937442566103165,1691.7239011703512,32842.06771564803,Medio bajo,Nuclear,Hombre,Secundaria completa,146637.527,13.4
Veracruz de Ignacio de la Llave,3.21852487135506,1.4895368782161236,40760.93733790738,3145.578264150944,68.6421166380789,2289.909180102916,26957.960439108065,Bajo,Nuclear,Hombre,Primaria incompleta,1041960.374,12.6
Yucatán,3.555480149304377,1.849338310145911,55796.84469969461,4972.415195113675,51.72809636918901,2612.568425517476,34443.24679674245,Bajo,Nuclear,Hombre,Secundaria completa,369103.475,13.8
Zacatecas,3.570578905630452,1.5261697065820776,49802.73148295004,4327.009429024583,119.09357256145915,1959.0049127676448,34666.039821570186,Medio bajo,Nuclear,Hombre,Secundaria completa,225007.308,13.4
